,0,1,2,3,4,5,6
0,1,汉兰达,118808,广汽丰田,25.88 - 34.88,https://www.16888.com/57502/options/,201001
1,2,御轩,77575,郑州日产,0.00 - 0.00,https://www.16888.com/57473/options/,201001
2,3,骐菱,55006,猎豹汽车,0.00 - 0.00,https://www.16888.com/57403/options/,201001
3,4,赛马,40522,哈飞汽车,0.00 - 0.00,https://www.16888.com/57570/options/,201001
4,5,圣达菲00,40305,华泰汽车,0.00 - 0.00,https://www.16888.com/127145/options/,201001
5,6,路宝,36965,哈飞汽车,0.00 - 0.00,https://www.16888.com/57568/options/,201001
6,7,中华酷宝,35659,华晨中华,0.00 - 0.00,https://www.16888.com/58080/options/,201001
7,8,捷达,27556,一汽-大众,7.98 - 10.68,https://www.16888.com/57423/options/,201001
8,9,比亚迪F3,25871,比亚迪,0.00 - 0.00,https://www.16888.com/57332/options/,201001
9,10,自由舰,25339,吉利汽车,0.00 - 0.00,https://www.16888.com/57611/options/,201001
10,11,远景,24418,吉利汽车,4.99 - 7.39,https://www.16888.com/57609/options/,201001
11,12,中华尊驰,24341,华晨中华,10.88 - 25.28,https://www.16888.com/58081/options/,201001
12,13,夏利,22161,天津一汽,0.00 - 0.00,https://www.16888.com/58000/options/,201001
13,14,悦动,21606,北京现代,8.49 - 11.59,https://www.16888.com/58010/options/,201001
14,15,凯越,20585,上汽通用别克,8.39 - 9.99,https://www.16888.com/57358/options/,201001
15,16,马自达3,20512,长安马自达,0.00 - 0.00,https://www.16888.com/57776/options/,201001
16,17,本田CR-V,20054,东风本田,16.98 - 27.68,https://www.16888.com/57307/options/,201001
17,18,朗逸,19823,上汽大众,10.09 - 15.99,https://www.16888.com/57415/options/,201001
18,19,伊兰特,18031,北京现代,9.98 - 14.18,https://www.16888.com/58009/options/,201001
19,20,宝来,17658,一汽-大众,9.88 - 15.70,https://www.16888.com/57426/options/,201001
20,21,雅阁,17591,广汽本田,16.98 - 25.98,https://www.16888.com/57314/options/,201001
21,22,奇瑞QQ3,17561,奇瑞汽车,0.00 - 0.00,https://www.16888.com/57832/options/,201001
22,23,科鲁兹,17030,上汽通用雪佛兰,0.00 - 0.00,https://www.16888.com/58029/options/,201001
23,24,阁瑞斯,16807,华晨雷诺,8.88 - 27.78,https://www.16888.com/57638/options/,201001
24,25,凯美瑞,16656,广汽丰田,17.98 - 26.98,https://www.16888.com/57503/options/,201001
25,26,福克斯,16224,长安福特,10.88 - 15.38,https://www.16888.com/57536/options/,201001
26,27,卡罗拉,14077,一汽丰田,10.98 - 15.98,https://www.16888.com/57509/options/,201001
27,28,轩逸,13716,东风日产,9.98 - 17.49,https://www.16888.com/57872/options/,201001
28,29,天籁,13290,东风日产,17.98 - 26.98,https://www.16888.com/57870/options/,201001
29,30,速腾,12759,一汽-大众,12.79 - 17.29,https://www.16888.com/57425/options/,201001
30,31,挑战者SUV,12724,曙光汽车,0.00 - 0.00,https://www.16888.com/125891/options/,201001
31,32,世嘉,12549,东风雪铁龙,0.00 - 0.00,https://www.16888.com/58048/options/,201001
32,33,锋范,12310,广汽本田,0.00 - 0.00,https://www.16888.com/57312/options/,201001
33,34,比亚迪F0,12204,比亚迪,3.79 - 4.79,https://www.16888.com/57331/options/,201001
34,35,明锐,12013,上汽斯柯达,10.99 - 15.49,https://www.16888.com/57958/options/,201001
35,36,众泰2008,11721,众泰汽车,0.00 - 0.00,https://www.16888.com/58088/options/,201001
36,37,宝马3系,11603,华晨宝马,29.39 - 40.99,https://www.16888.com/57250/options/,201001
37,38,北斗星,11322,昌河铃木,0.00 - 0.00,https://www.16888.com/126893/options/,201001
38,39,福瑞迪,10715,起亚,7.88 - 10.28,https://www.16888.com/57841/options/,201001
39,40,骊威,10711,东风日产,0.00 - 0.00,https://www.16888.com/57867/options/,201001
40,41,荣威550,10313,上汽集团,0.00 - 0.00,https://www.16888.com/57893/options/,201001
41,42,奥迪A6L,10213,一汽-大众奥迪,41.98 - 65.68,https://www.16888.com/57232/options/,201001
42,43,君越,9951,上汽通用别克,21.98 - 28.98,https://www.16888.com/57357/options/,201001
43,44,赛拉图,9891,起亚,0.00 - 0.00,https://www.16888.com/57844/options/,201001
44,45,思域,9825,东风本田,12.99 - 18.79,https://www.16888.com/57309/options/,201001
45,46,中华骏捷FRV,9010,华晨中华,0.00 - 0.00,https://www.16888.com/58078/options/,201001
46,47,宝马5系,8942,华晨宝马,43.39 - 55.19,https://www.16888.com/57251/options/,201001
47,48,威麟X5,8882,奇瑞威麟,0.00 - 0.00,https://www.16888.com/57974/options/,201001
48,49,V3菱悦,8805,东南汽车,0.00 - 0.00,https://www.16888.com/57479/options/,201001
49,50,骐达TIIDA,8491,东风日产,9.99 - 13.59,https://www.16888.com/57869/options/,201001
0,51,威志,8432,天津一汽,0.00 - 0.00,https://www.16888.com/57967/options/,201001
1,52,阿特兹,8186,长安马自达,17.58 - 23.98,https://www.16888.com/126539/options/,201001
2,53,RAV4荣放,7779,一汽丰田,17.58 - 26.08,https://www.16888.com/57506/options/,201001
3,54,金刚,7750,吉利汽车,0.00 - 0.00,https://www.16888.com/57606/options/,201001
4,55,迈腾,7681,一汽-大众,18.69 - 30.99,https://www.16888.com/57424/options/,201001
5,56,瑞风,7547,江淮汽车,0.00 - 0.00,https://www.16888.com/57625/options/,201001
6,57,致胜,7260,长安福特,0.00 - 0.00,https://www.16888.com/57538/options/,201001
7,58,中华骏捷FSV,7130,华晨中华,0.00 - 0.00,https://www.16888.com/58079/options/,201001
8,59,嘉年华,7081,长安福特,0.00 - 0.00,https://www.16888.com/57539/options/,201001
9,60,君威,7059,上汽通用别克,19.68 - 24.98,https://www.16888.com/57360/options/,201001
10,61,乐驰,6999,上汽通用五菱,0.00 - 0.00,https://www.16888.com/58026/options/,201001
11,62,赛欧,6924,上汽通用雪佛兰,6.29 - 7.99,https://www.16888.com/58032/options/,201001
12,63,花冠,6789,一汽丰田,0.00 - 0.00,https://www.16888.com/57507/options/,201001
13,64,景程,6572,上汽通用雪佛兰,0.00 - 0.00,https://www.16888.com/58028/options/,201001
14,65,狮跑,6526,起亚,0.00 - 0.00,https://www.16888.com/57845/options/,201001
15,66,皇冠,6400,一汽丰田,0.00 - 0.00,https://www.16888.com/57508/options/,201001
16,67,众泰5008,6332,众泰汽车,0.00 - 0.00,https://www.16888.com/58089/options/,201001
17,68,奔驰C级,6240,北京奔驰,32.52 - 37.73,https://www.16888.com/57281/options/,201001
18,69,奔腾B70,5739,一汽奔腾,10.59 - 14.49,https://www.16888.com/57304/options/,201001
19,70,别克GL8,5698,上汽通用别克,23.29 - 53.39,https://www.16888.com/57356/options/,201001
20,71,雪铁龙C5,5682,东风雪铁龙,0.00 - 0.00,https://www.16888.com/58051/options/,201001
21,72,思铂睿,5638,东风本田,17.99 - 26.79,https://www.16888.com/57308/options/,201001
22,73,雨燕,5542,长安铃木,0.00 - 0.00,https://www.16888.com/57738/options/,201001
23,74,瑞麒M1,5470,奇瑞瑞麒,0.00 - 0.00,https://www.16888.com/57900/options/,201001
24,75,和悦,5386,江淮汽车,0.00 - 0.00,https://www.16888.com/57623/options/,201001
25,76,天语 SX4,5263,长安铃木,0.00 - 0.00,https://www.16888.com/57736/options/,201001
26,77,星旺,5201,广汽吉奥,2.59 - 2.98,https://www.16888.com/126523/options/,201001
27,78,羚羊,5199,长安铃木,0.00 - 0.00,https://www.16888.com/57735/options/,201001
28,79,熊猫,4603,吉利汽车,0.00 - 0.00,https://www.16888.com/57863/options/,201001
29,80,奥迪A4L,4578,一汽-大众奥迪,30.58 - 39.68,https://www.16888.com/57231/options/,201001
30,81,威驰,4517,一汽丰田,7.38 - 9.48,https://www.16888.com/57514/options/,201001
31,82,比亚迪G3,4464,比亚迪,0.00 - 0.00,https://www.16888.com/57335/options/,201001
32,83,锐欧,4347,起亚,0.00 - 0.00,https://www.16888.com/57840/options/,201001
33,84,逍客,4055,东风日产,15.49 - 18.89,https://www.16888.com/57871/options/,201001
34,85,福美来,4011,一汽海马,0.00 - 0.00,https://www.16888.com/57573/options/,201001
35,86,翼神,4007,东南三菱,0.00 - 0.00,https://www.16888.com/57914/options/,201001
36,87,东风风神S30,3939,东风乘用车,0.00 - 0.00,https://www.16888.com/57476/options/,201001
37,88,锐志,3649,一汽丰田,0.00 - 0.00,https://www.16888.com/57513/options/,201001
38,89,奥德赛,3602,广汽本田,23.58 - 43.98,https://www.16888.com/57313/options/,201001
39,90,力帆620,3227,力帆汽车,0.00 - 0.00,https://www.16888.com/57714/options/,201001
40,91,奥拓,3211,长安铃木,4.18 - 6.19,https://www.16888.com/57737/options/,201001
41,92,君阁,3053,东南三菱,0.00 - 0.00,https://www.16888.com/57912/options/,201001
42,93,莲花L3,3010,莲花汽车,0.00 - 0.00,https://www.16888.com/57724/options/,201001
43,94,猎豹CS6,2974,猎豹汽车,0.00 - 0.00,https://www.16888.com/57401/options/,201001
44,95,飞度,2928,广汽本田,8.18 - 10.88,https://www.16888.com/57311/options/,201001
45,96,途安,2785,上汽大众,15.18 - 19.48,https://www.16888.com/57418/options/,201001
46,97,中华骏捷,2728,华晨中华,0.00 - 0.00,https://www.16888.com/58076/options/,201001
47,98,高尔夫,2556,一汽-大众,12.98 - 22.98,https://www.16888.com/57422/options/,201001
48,99,森雅M80,2536,一汽吉林,0.00 - 0.00,https://www.16888.com/58066/options/,201001
49,100,英朗,2499,上汽通用别克,11.99 - 12.59,https://www.16888.com/80153/options/,201001
0,101,秀尔,2428,起亚,0.00 - 0.00,https://www.16888.com/57843/options/,201001
1,102,力帆520,2252,力帆汽车,0.00 - 0.00,https://www.16888.com/57713/options/,201001
2,103,普力马,2115,海马汽车,0.00 - 0.00,https://www.16888.com/57578/options/,201001
3,104,赛豹V,2056,哈飞汽车,0.00 - 0.00,https://www.16888.com/125890/options/,201001
4,105,名爵3SW,1824,上汽名爵,8.77 - 8.77,https://www.16888.com/57767/options/,201001
5,106,奇骏,1456,东风日产,18.19 - 26.29,https://www.16888.com/57868/options/,201001
6,107,帅客,1336,郑州日产,0.00 - 0.00,https://www.16888.com/81342/options/,201001
7,108,荣威750,1306,上汽集团,0.00 - 0.00,https://www.16888.com/57894/options/,201001
8,109,景逸,1303,东风风行,0.00 - 0.00,https://www.16888.com/57469/options/,201001
9,110,马自达2,1176,长安马自达,0.00 - 0.00,https://www.16888.com/57774/options/,201001
10,111,迷迪,1173,福田汽车,0.00 - 0.00,https://www.16888.com/57555/options/,201001
11,112,名爵6,1114,上汽名爵,10.38 - 13.98,https://www.16888.com/57770/options/,201001
12,113,普拉多,1084,一汽丰田,0.00 - 0.00,https://www.16888.com/57511/options/,201001
13,114,沃尔沃S80L,1038,长安沃尔沃,0.00 - 0.00,https://www.16888.com/57982/options/,201001
14,115,Polo,1004,上汽大众,9.09 - 12.49,https://www.16888.com/57413/options/,201001
15,116,天语 尚悦,885,长安铃木,0.00 - 0.00,https://www.16888.com/117422/options/,201001
16,117,帕拉丁,860,郑州日产,0.00 - 0.00,https://www.16888.com/57875/options/,201001
17,118,蒙派克E,802,福田商用车,7.46 - 10.85,https://www.16888.com/57554/options/,201001
18,119,林荫大道,775,上汽通用别克,0.00 - 0.00,https://www.16888.com/57359/options/,201001
19,120,力帆320,594,力帆汽车,0.00 - 0.00,https://www.16888.com/57712/options/,201001
20,121,蓝瑟,553,东南三菱,0.00 - 0.00,https://www.16888.com/57913/options/,201001
21,122,雪铁龙C2,535,东风雪铁龙,0.00 - 0.00,https://www.16888.com/58050/options/,201001
22,123,旗胜F1,476,曙光汽车,0.00 - 0.00,https://www.16888.com/57600/options/,201001
23,124,麦柯斯,453,长安福特,0.00 - 0.00,https://www.16888.com/57537/options/,201001
24,125,勇士,411,北京汽车制造厂,10.48 - 14.19,https://www.16888.com/57278/options/,201001
25,126,东方之子,388,奇瑞汽车,0.00 - 0.00,https://www.16888.com/57825/options/,201001
26,127,利亚纳,322,昌河铃木,0.00 - 0.00,https://www.16888.com/57742/options/,201001
27,128,晶锐,320,上汽斯柯达,0.00 - 0.00,https://www.16888.com/57957/options/,201001
28,129,奥丁,298,郑州日产,0.00 - 0.00,https://www.16888.com/57472/options/,201001
29,130,三菱戈蓝,272,东南三菱,0.00 - 0.00,https://www.16888.com/57911/options/,201001
30,131,MG7,270,上汽名爵,0.00 - 0.00,https://www.16888.com/57768/options/,201001
31,132,福仕达腾达,197,一汽海马,0.00 - 0.00,https://www.16888.com/127470/options/,201001
32,133,陆霸,95,北京汽车制造厂,0.00 - 0.00,https://www.16888.com/57276/options/,201001
33,134,风尚,60,陆风汽车,0.00 - 0.00,https://www.16888.com/57752/options/,201001
34,135,奔奔MINI,30,长安汽车,0.00 - 0.00,https://www.16888.com/80207/options/,201001
35,136,英伦TX4,16,吉利汽车,0.00 - 0.00,https://www.16888.com/57928/options/,201001
0,1,汉兰达,129404,广汽丰田,25.88 - 34.88,https://www.16888.com/57502/options/,201002
1,2,御轩,67713,郑州日产,0.00 - 0.00,https://www.16888.com/57473/options/,201002
2,3,圣达菲00,45167,华泰汽车,0.00 - 0.00,https://www.16888.com/127145/options/,201002
3,4,宝马3系,33577,华晨宝马,29.39 - 40.99,https://www.16888.com/57250/options/,201002
4,5,赛马,33534,哈飞汽车,0.00 - 0.00,https://www.16888.com/57570/options/,201002
5,6,路宝,26332,哈飞汽车,0.00 - 0.00,https://www.16888.com/57568/options/,201002
6,7,马自达3,19083,长安马自达,0.00 - 0.00,https://www.16888.com/57776/options/,201002
7,8,自由舰,18928,吉利汽车,0.00 - 0.00,https://www.16888.com/57611/options/,201002
8,9,比亚迪F3,16317,比亚迪,0.00 - 0.00,https://www.16888.com/57332/options/,201002
9,10,朗逸,16289,上汽大众,10.09 - 15.99,https://www.16888.com/57415/options/,201002
10,11,远景,15307,吉利汽车,4.99 - 7.39,https://www.16888.com/57609/options/,201002
11,12,中华尊驰,15266,华晨中华,10.88 - 25.28,https://www.16888.com/58081/options/,201002
12,13,凯越,14500,上汽通用别克,8.39 - 9.99,https://www.16888.com/57358/options/,201002
13,14,挑战者SUV,14184,曙光汽车,0.00 - 0.00,https://www.16888.com/125891/options/,201002
14,15,雅阁,14026,广汽本田,16.98 - 25.98,https://www.16888.com/57314/options/,201002
15,16,夏利,13853,天津一汽,0.00 - 0.00,https://www.16888.com/58000/options/,201002
16,17,科鲁兹,13515,上汽通用雪佛兰,0.00 - 0.00,https://www.16888.com/58029/options/,201002
17,18,卡罗拉,12794,一汽丰田,10.98 - 15.98,https://www.16888.com/57509/options/,201002
18,19,伊兰特,12203,北京现代,9.98 - 14.18,https://www.16888.com/58009/options/,201002
19,20,阁瑞斯,12090,华晨雷诺,8.88 - 27.78,https://www.16888.com/57638/options/,201002
20,21,悦动,10912,北京现代,8.49 - 11.59,https://www.16888.com/58010/options/,201002
21,22,乐驰,10405,上汽通用五菱,0.00 - 0.00,https://www.16888.com/58026/options/,201002
22,23,福克斯,10352,长安福特,10.88 - 15.38,https://www.16888.com/57536/options/,201002
23,24,奇瑞QQ3,10187,奇瑞汽车,0.00 - 0.00,https://www.16888.com/57832/options/,201002
24,25,捷达,10128,一汽-大众,7.98 - 10.68,https://www.16888.com/57423/options/,201002
25,26,凯美瑞,10043,广汽丰田,17.98 - 26.98,https://www.16888.com/57503/options/,201002
26,27,锋范,9646,广汽本田,0.00 - 0.00,https://www.16888.com/57312/options/,201002
27,28,轩逸,9630,东风日产,9.98 - 17.49,https://www.16888.com/57872/options/,201002
28,29,天籁,8735,东风日产,17.98 - 26.98,https://www.16888.com/57870/options/,201002
29,30,思域,8602,东风本田,12.99 - 18.79,https://www.16888.com/57309/options/,201002
30,31,RAV4荣放,8146,一汽丰田,17.58 - 26.08,https://www.16888.com/57506/options/,201002
31,32,宝马5系,8077,华晨宝马,43.39 - 55.19,https://www.16888.com/57251/options/,201002
32,33,奥迪A6L,7901,一汽-大众奥迪,41.98 - 65.68,https://www.16888.com/57232/options/,201002
33,34,福瑞迪,7504,起亚,7.88 - 10.28,https://www.16888.com/57841/options/,201002
34,35,北斗星,7498,昌河铃木,0.00 - 0.00,https://www.16888.com/126893/options/,201002
35,36,奔驰C级,7362,北京奔驰,32.52 - 37.73,https://www.16888.com/57281/options/,201002
36,37,明锐,6991,上汽斯柯达,10.99 - 15.49,https://www.16888.com/57958/options/,201002
37,38,赛拉图,6844,起亚,0.00 - 0.00,https://www.16888.com/57844/options/,201002
38,39,速腾,6805,一汽-大众,12.79 - 17.29,https://www.16888.com/57425/options/,201002
39,40,瑞麒M1,6716,奇瑞瑞麒,0.00 - 0.00,https://www.16888.com/57900/options/,201002
40,41,荣威550,6586,上汽集团,0.00 - 0.00,https://www.16888.com/57893/options/,201002
41,42,世嘉,6374,东风雪铁龙,0.00 - 0.00,https://www.16888.com/58048/options/,201002
42,43,骊威,6335,东风日产,0.00 - 0.00,https://www.16888.com/57867/options/,201002
43,44,迈腾,6050,一汽-大众,18.69 - 30.99,https://www.16888.com/57424/options/,201002
44,45,V3菱悦,6002,东南汽车,0.00 - 0.00,https://www.16888.com/57479/options/,201002
45,46,本田CR-V,5900,东风本田,16.98 - 27.68,https://www.16888.com/57307/options/,201002
46,47,比亚迪F0,5712,比亚迪,3.79 - 4.79,https://www.16888.com/57331/options/,201002
47,48,花冠,5678,一汽丰田,0.00 - 0.00,https://www.16888.com/57507/options/,201002
48,49,阿特兹,5672,长安马自达,17.58 - 23.98,https://www.16888.com/126539/options/,201002
49,50,骐达TIIDA,5472,东风日产,9.99 - 13.59,https://www.16888.com/57869/options/,201002
0,51,景程,5076,上汽通用雪佛兰,0.00 - 0.00,https://www.16888.com/58028/options/,201002
1,52,威麟X5,5072,奇瑞威麟,0.00 - 0.00,https://www.16888.com/57974/options/,201002
2,53,狮跑,5039,起亚,0.00 - 0.00,https://www.16888.com/57845/options/,201002
3,54,Polo,5021,上汽大众,9.09 - 12.49,https://www.16888.com/57413/options/,201002
4,55,星旺,5007,广汽吉奥,2.59 - 2.98,https://www.16888.com/126523/options/,201002
5,56,赛欧,4969,上汽通用雪佛兰,6.29 - 7.99,https://www.16888.com/58032/options/,201002
6,57,金刚,4867,吉利汽车,0.00 - 0.00,https://www.16888.com/57606/options/,201002
7,58,皇冠,4866,一汽丰田,0.00 - 0.00,https://www.16888.com/57508/options/,201002
8,59,中华骏捷FSV,4836,华晨中华,0.00 - 0.00,https://www.16888.com/58079/options/,201002
9,60,嘉年华,4739,长安福特,0.00 - 0.00,https://www.16888.com/57539/options/,201002
10,61,宝来,4483,一汽-大众,9.88 - 15.70,https://www.16888.com/57426/options/,201002
11,62,福美来,4474,一汽海马,0.00 - 0.00,https://www.16888.com/57573/options/,201002
12,63,思铂睿,4412,东风本田,17.99 - 26.79,https://www.16888.com/57308/options/,201002
13,64,天语 SX4,4359,长安铃木,0.00 - 0.00,https://www.16888.com/57736/options/,201002
14,65,君越,4288,上汽通用别克,21.98 - 28.98,https://www.16888.com/57357/options/,201002
15,66,雨燕,4178,长安铃木,0.00 - 0.00,https://www.16888.com/57738/options/,201002
16,67,瑞风,4095,江淮汽车,0.00 - 0.00,https://www.16888.com/57625/options/,201002
17,68,奥迪A4L,4034,一汽-大众奥迪,30.58 - 39.68,https://www.16888.com/57231/options/,201002
18,69,和悦,4033,江淮汽车,0.00 - 0.00,https://www.16888.com/57623/options/,201002
19,70,致胜,3951,长安福特,0.00 - 0.00,https://www.16888.com/57538/options/,201002
20,71,中华骏捷FRV,3937,华晨中华,0.00 - 0.00,https://www.16888.com/58078/options/,201002
21,72,威驰,3852,一汽丰田,7.38 - 9.48,https://www.16888.com/57514/options/,201002
22,73,锐志,3787,一汽丰田,0.00 - 0.00,https://www.16888.com/57513/options/,201002
23,74,羚羊,3716,长安铃木,0.00 - 0.00,https://www.16888.com/57735/options/,201002
24,75,海马骑士,3679,海马汽车,0.00 - 0.00,https://www.16888.com/99412/options/,201002
25,76,君威,3674,上汽通用别克,19.68 - 24.98,https://www.16888.com/57360/options/,201002
26,77,奔腾B70,3278,一汽奔腾,10.59 - 14.49,https://www.16888.com/57304/options/,201002
27,78,威志,3217,天津一汽,0.00 - 0.00,https://www.16888.com/57967/options/,201002
28,79,逍客,3160,东风日产,15.49 - 18.89,https://www.16888.com/57871/options/,201002
29,80,熊猫,2949,吉利汽车,0.00 - 0.00,https://www.16888.com/57863/options/,201002
30,81,众泰5008,2931,众泰汽车,0.00 - 0.00,https://www.16888.com/58089/options/,201002
31,82,锐欧,2915,起亚,0.00 - 0.00,https://www.16888.com/57840/options/,201002
32,83,普力马,2737,海马汽车,0.00 - 0.00,https://www.16888.com/57578/options/,201002
33,84,别克GL8,2717,上汽通用别克,23.29 - 53.39,https://www.16888.com/57356/options/,201002
34,85,奥德赛,2706,广汽本田,23.58 - 43.98,https://www.16888.com/57313/options/,201002
35,86,东风风神S30,2621,东风乘用车,0.00 - 0.00,https://www.16888.com/57476/options/,201002
36,87,高尔夫,2567,一汽-大众,12.98 - 22.98,https://www.16888.com/57422/options/,201002
37,88,比亚迪G3,2494,比亚迪,0.00 - 0.00,https://www.16888.com/57335/options/,201002
38,89,飞度,2424,广汽本田,8.18 - 10.88,https://www.16888.com/57311/options/,201002
39,90,晶锐,2406,上汽斯柯达,0.00 - 0.00,https://www.16888.com/57957/options/,201002
40,91,雪铁龙C5,2326,东风雪铁龙,0.00 - 0.00,https://www.16888.com/58051/options/,201002
41,92,众泰2008,2287,众泰汽车,0.00 - 0.00,https://www.16888.com/58088/options/,201002
42,93,莲花L3,2238,莲花汽车,0.00 - 0.00,https://www.16888.com/57724/options/,201002
43,94,翼神,2082,东南三菱,0.00 - 0.00,https://www.16888.com/57914/options/,201002
44,95,猎豹CS6,1986,猎豹汽车,0.00 - 0.00,https://www.16888.com/57401/options/,201002
45,96,森雅M80,1946,一汽吉林,0.00 - 0.00,https://www.16888.com/58066/options/,201002
46,97,力帆620,1921,力帆汽车,0.00 - 0.00,https://www.16888.com/57714/options/,201002
47,98,中华骏捷,1912,华晨中华,0.00 - 0.00,https://www.16888.com/58076/options/,201002
48,99,赛豹V,1857,哈飞汽车,0.00 - 0.00,https://www.16888.com/125890/options/,201002
49,100,名爵6,1844,上汽名爵,10.38 - 13.98,https://www.16888.com/57770/options/,201002
0,101,迷迪,1757,福田汽车,0.00 - 0.00,https://www.16888.com/57555/options/,201002
1,102,途安,1746,上汽大众,15.18 - 19.48,https://www.16888.com/57418/options/,201002
2,103,英朗,1743,上汽通用别克,11.99 - 12.59,https://www.16888.com/80153/options/,201002
3,104,奥拓,1691,长安铃木,4.18 - 6.19,https://www.16888.com/57737/options/,201002
4,105,奇骏,1654,东风日产,18.19 - 26.29,https://www.16888.com/57868/options/,201002
5,106,秀尔,1552,起亚,0.00 - 0.00,https://www.16888.com/57843/options/,201002
6,107,力帆520,1216,力帆汽车,0.00 - 0.00,https://www.16888.com/57713/options/,201002
7,108,天语 尚悦,1212,长安铃木,0.00 - 0.00,https://www.16888.com/117422/options/,201002
8,109,帅客,1138,郑州日产,0.00 - 0.00,https://www.16888.com/81342/options/,201002
9,110,马自达2,1016,长安马自达,0.00 - 0.00,https://www.16888.com/57774/options/,201002
10,111,景逸,1002,东风风行,0.00 - 0.00,https://www.16888.com/57469/options/,201002
11,112,沃尔沃S80L,921,长安沃尔沃,0.00 - 0.00,https://www.16888.com/57982/options/,201002
12,113,普拉多,706,一汽丰田,0.00 - 0.00,https://www.16888.com/57511/options/,201002
13,114,荣威750,692,上汽集团,0.00 - 0.00,https://www.16888.com/57894/options/,201002
14,115,名爵3SW,678,上汽名爵,8.77 - 8.77,https://www.16888.com/57767/options/,201002
15,116,雪铁龙C2,666,东风雪铁龙,0.00 - 0.00,https://www.16888.com/58050/options/,201002
16,117,蒙派克E,608,福田商用车,7.46 - 10.85,https://www.16888.com/57554/options/,201002
17,118,旗胜F1,607,曙光汽车,0.00 - 0.00,https://www.16888.com/57600/options/,201002
18,119,帕拉丁,593,郑州日产,0.00 - 0.00,https://www.16888.com/57875/options/,201002
19,120,东方之子,477,奇瑞汽车,0.00 - 0.00,https://www.16888.com/57825/options/,201002
20,121,蓝瑟,461,东南三菱,0.00 - 0.00,https://www.16888.com/57913/options/,201002
21,122,林荫大道,365,上汽通用别克,0.00 - 0.00,https://www.16888.com/57359/options/,201002
22,123,麦柯斯,295,长安福特,0.00 - 0.00,https://www.16888.com/57537/options/,201002
23,124,奥丁,254,郑州日产,0.00 - 0.00,https://www.16888.com/57472/options/,201002
24,125,力帆320,254,力帆汽车,0.00 - 0.00,https://www.16888.com/57712/options/,201002
25,126,三菱戈蓝,231,东南三菱,0.00 - 0.00,https://www.16888.com/57911/options/,201002
26,127,福仕达腾达,208,一汽海马,0.00 - 0.00,https://www.16888.com/127470/options/,201002
27,128,MG7,196,上汽名爵,0.00 - 0.00,https://www.16888.com/57768/options/,201002
28,129,利亚纳,185,昌河铃木,0.00 - 0.00,https://www.16888.com/57742/options/,201002
29,130,奔奔MINI,113,长安汽车,0.00 - 0.00,https://www.16888.com/80207/options/,201002
30,131,君阁,71,东南三菱,0.00 - 0.00,https://www.16888.com/57912/options/,201002
31,132,陆霸,55,北京汽车制造厂,0.00 - 0.00,https://www.16888.com/57276/options/,201002
32,133,风尚,16,陆风汽车,0.00 - 0.00,https://www.16888.com/57752/options/,201002
33,134,威姿,16,天津一汽,0.00 - 0.00,https://www.16888.com/57968/options/,201002
34,135,勇士,13,北京汽车制造厂,10.48 - 14.19,https://www.16888.com/57278/options/,201002
35,136,英伦TX4,12,吉利汽车,0.00 - 0.00,https://www.16888.com/57928/options/,201002
